;;Female;;;Males;
Rank;;initial given name;number;;initial given name;number
1;;Maria;324.829;;Johannes;292.618
2;;Johanna;251.972;;Jan;178.735
3;;Anna;133.319;;Cornelis;128.020
4;;Elisabeth;106.644;;Hendrik;113.417
5;;Cornelia;106.321;;Willem;98.713
6;;Wilhelmina;92.835;;Petrus;82.180
7;;Catharina;81.353;;Pieter;79.921
8;;Hendrika;67.486;;Gerrit;71.716
9;;Adriana;66.218;;Peter;67.692
10;;Petronella;65.283;;Robert;66.943
11;;Margaretha;44.266;;Wilhelmus;66.151
12;;Yvonne;43.948;;Jacobus;61.193
13;;Monique;40.518;;Antonius;60.889
14;;Jacoba;40.479;;Gerardus;60.463
15;;Helena;38.989;;Adrianus;59.354
16;;Geertruida;36.944;;Franciscus;56.718
17;;Esther;34.483;;Hendrikus;51.354
18;;Ingrid;33.400;;Jeroen;49.549
19;;Anne;31.435;;Johan;48.694
20;;Linda;31.167;;Jacob;47.457
21;;Antonia;30.111;;Ronald;46.937
22;;Christina;29.740;;Marinus;46.041
23;;Sandra;29.718;;Dirk;45.921
24;;Elizabeth;28.854;;Thomas;42.722
25;;Sanne;28.122;;Theodorus;41.682
26;;Laura;26.925;;Martinus;41.624
27;;Theodora;26.604;;Dennis;37.431
28;;Kim;26.359;;Richard;36.927
29;;Aaltje;25.366;;Henricus;36.709
30;;Marianne;25.206;;Marcel;36.631
31;;Eva;24.285;;Mark;34.670
32;;Iris;23.900;;Patrick;32.972
33;;Karin;23.818;;Nicolaas;32.189
34;;Jolanda;23.817;;René;32.139
35;;Alida;23.764;;Tim;31.762
36;;Grietje;23.746;;Albert;31.217
37;;Lisa;22.972;;Martijn;30.396
38;;Jacqueline;22.646;;Paul;30.322
39;;Emma;21.267;;Arie;30.007
40;;Astrid;21.130;;Erik;29.348
41;;Saskia;21.127;;Maarten;28.871
42;;Jantje;20.998;;Alexander;27.981
43;;Bianca;20.975;;Michael;27.660
44;;Patricia;20.734;;Marco;27.351
45;;Trijntje;20.594;;Wouter;27.322
46;;Chantal;20.344;;Sander;27.092
47;;Wendy;19.949;;Daniël;26.588
48;;Judith;19.909;;Bart;26.548
49;;Petra;19.851;;Bernardus;26.237
50;;Anouk;19.797;;Niels;26.180
51;;Neeltje;19.671;;Frank;25.649
52;;Daniëlle;19.619;;Mohamed;25.163
53;;Geertje;19.495;;Paulus;24.930
54;;Lotte;19.368;;Daan;24.694
55;;Janna;19.304;;Tom;24.097
56;;Femke;19.162;;Kevin;23.997
57;;Maaike;19.077;;Robin;23.583
58;;Nicole;18.906;;Christiaan;23.532
59;;Julia;18.873;;Leonardus;23.348
60;;Ellen;17.765;;Klaas;23.229
61;;Sophie;17.728;;Michel;23.175
62;;Antje;17.547;;Ruben;22.377
63;;Anita;17.493;;Albertus;22.363
64;;Sylvia;17.450;;Edwin;22.279
65;;Joyce;17.372;;Lucas;22.201
66;;Ilse;17.253;;Bram;21.857
67;;Miranda;16.817;;David;21.796
68;;Francisca;16.781;;Lars;21.573
69;;Charlotte;16.609;;Thijs;21.488
70;;Suzanne;16.484;;Roy;21.310
71;;Marieke;16.435;;Hans;21.261
72;;Simone;16.311;;Frederik;21.200
73;;Fleur;16.103;;Stefan;20.784
74;;Gerarda;16.099;;Martin;20.693
75;;Willemina;16.034;;Rudolf;20.281
76;;Marijke;15.937;;Jasper;20.093
77;;Louise;15.903;;Adriaan;20.022
78;;Jannetje;15.768;;Leendert;19.964
79;;Irene;15.650;;Eric;19.938
80;;Tessa;15.576;;Gerard;19.753
81;;Mirjam;15.439;;Robertus;19.714
82;;Martina;15.073;;Nick;19.635
83;;Michelle;14.983;;Hubertus;19.472
84;;Pieternella;14.873;;Bas;19.278
85;;Inge;14.784;;Max;19.177
86;;Claudia;14.666;;Herman;19.131
87;;Henrica;14.500;;Rick;19.074
88;;Lieke;14.333;;Simon;18.148
89;;Josephina;14.223;;Jesse;17.972
90;;Amber;14.186;;Mike;17.859
91;;Naomi;14.149;;Hermanus;17.788
92;;Maartje;14.123;;Roelof;17.761
93;;Sara;13.969;;Harm;17.661
94;;Eline;13.731;;Vincent;17.385
95;;Hendrikje;13.678;;Lambertus;17.159
96;;Marjolein;13.677;;Koen;17.144
97;;Carolina;13.664;;Joost;17.127
98;;Jessica;13.506;;Joseph;17.105
99;;Barbara;13.365;;Danny;17.083
100;;Marie;13.241;;Jelle;16.949
101;;Agnes;13.217;;Josephus;16.847
102;;Diana;13.177;;Michiel;16.545
103;;Manon;13.080;;Remco;16.475
104;;Nienke;12.673;;Luuk;16.351
105;;Vera;12.619;;Sven;16.338
106;;Gerda;12.595;;Bastiaan;16.288
107;;Sonja;12.542;;Erwin;16.166
108;;Gerritje;12.495;;Geert;16.148
109;;Nina;12.427;;Evert;15.947
110;;Nathalie;12.405;;Jeffrey;15.810
111;;Maud;12.366;;Sebastiaan;15.552
112;;Sarah;12.184;;Stijn;15.478
113;;Melissa;12.173;;Marc;15.463
114;;Martha;12.161;;Berend;15.020
115;;Sophia;12.132;;Sem;14.933
116;;Caroline;12.108;;Frans;14.795
117;;Theresia;12.101;;Eduard;14.187
118;;Denise;12.081;;Marcus;14.034
119;;Dirkje;11.934;;Andreas;13.944
120;;Tamara;11.887;;Teunis;13.734
121;;Daphne;11.808;;Raymond;13.491
122;;Angela;11.772;;Sjoerd;13.473
123;;Hermina;11.696;;Milan;13.356
124;;Carla;11.526;;Jozef;13.323
125;;Monica;11.520;;Matthijs;13.207
126;;Romy;11.517;;Wesley;12.857
127;;Mariska;11.437;;Gijs;12.685
128;;Merel;11.428;;Rob;12.574
129;;Alexandra;11.000;;Arnoldus;12.518
130;;Isa;10.861;;André;12.361
131;;Berendina;10.849;;Maurice;12.284
132;;Angelique;10.746;;Joris;12.215
133;;Roos;10.645;;Floris;12.070
134;;Britt;10.584;;Arend;12.048
135;;Fatima;10.373;;Steven;11.848
136;;Henriëtte;10.338;;Sam;11.584
137;;Gertruda;10.196;;Abraham;11.171
138;;Janneke;10.155;;John;11.158
139;;Demi;10.054;;Julian;11.123
140;;Sharon;10.034;;Hugo;11.028
141;;Mandy;10.014;;Joey;10.874
142;;Zoë;10.010;;Benjamin;10.780
143;;Cindy;9.999;;Pascal;10.591
144;;Noa;9.994;;Dylan;10.587
145;;Aleida;9.930;;Jordy;10.555
146;;Sabine;9.816;;Hendricus;10.552
147;;Melanie;9.776;;Joannes;10.488
148;;Kelly;9.683;;Mohammed;10.106
149;;Tess;9.605;;Karel;10.083
150;;Lena;9.601;;Andries;10.032
151;;Jeannette;9.504;;Justin;9.995
152;;Marloes;9.485;;Levi;9.809
153;;Floor;9.328;;Pim;9.747
154;;Marion;9.323;;Arjan;9.746
155;;Ilona;9.267;;Gijsbertus;9.675
156;;Nancy;9.112;;Finn;9.638
157;;Annemarie;9.100;;Ali;9.420
158;;Leonie;9.092;;Teun;9.403
159;;Dina;9.078;;Noah;9.342
160;;Lisanne;9.060;;Stan;9.329
161;;Lynn;8.951;;Laurens;9.320
162;;Jennifer;8.905;;Menno;9.188
163;;Marit;8.893;;Casper;9.055
164;;Elise;8.854;;Aart;9.041
165;;Paulina;8.827;;Bob;9.041
166;;Lucia;8.812;;Gerhardus;8.858
167;;Martine;8.810;;Niek;8.800
168;;Natasja;8.638;;Derk;8.596
169;;Anneke;8.620;;Ricardo;8.551
170;;Fenna;8.604;;Gijsbert;8.535
171;;Kirsten;8.585;;Egbert;8.522
172;;Samantha;8.540;;Mees;8.496
173;;Jasmijn;8.453;;Roel;8.430
174;;Eveline;8.426;;Mathijs;8.385
175;;Renate;8.390;;Anne;8.324
176;;Nikki;8.339;;Bernard;8.262
177;;Amy;8.263;;Timo;8.258
178;;Anja;8.039;;Anton;8.096
179;;Stephanie;8.025;;Joep;8.035
180;;Susanne;7.979;;Ferdinand;8.029
181;;Marina;7.973;;Robbert;8.028
182;;Brigitte;7.938;;Christian;7.977
183;;Esmee;7.841;;Arthur;7.844
184;;Marleen;7.819;;Ryan;7.821
185;;Magdalena;7.747;;Roland;7.783
186;;Irma;7.740;;Jayden;7.750
187;;Rosa;7.680;;Ahmed;7.743
188;;Antoinette;7.664;;Stephan;7.701
189;;Hendrina;7.649;;Alex;7.610
190;;Paula;7.637;;Leon;7.485
191;;Evelien;7.614;;Louis;7.407
192;;Milou;7.558;;Job;7.392
193;;Renske;7.544;;Brian;7.360
194;;Willy;7.448;;Jens;7.323
195;;Joanna;7.364;;Rik;7.276
196;;Rianne;7.276;;Guido;7.224
197;;Carmen;7.225;;Ivo;7.204
198;;Brenda;7.219;;Wessel;7.198
199;;Ida;7.206;;Arnold;7.150
200;;Everdina;7.166;;Rens;7.136
201;;Annemieke;7.105;;Rutger;7.093
202;;Robin;7.078;;Luca;7.018
203;;Pauline;6.983;;Ramon;7.001
204;;Danique;6.931;;Antonie;6.990
205;;Marije;6.910;;Cas;6.832
206;;Francina;6.901;;Pepijn;6.776
207;;Myrthe;6.889;;Dave;6.742
208;;Annie;6.865;;Reinier;6.669
209;;Cynthia;6.858;;Victor;6.663
210;;Marjan;6.856;;Daniel;6.631
211;;Frederika;6.767;;Jakob;6.587
212;;Gerritdina;6.765;;Tijn;6.573
213;;Lisette;6.747;;Luc;6.559
214;;Mila;6.673;;Johnny;6.539
215;;Hubertina;6.654;;Marten;6.496
216;;Silvia;6.634;;Mehmet;6.436
217;;Jantina;6.619;;Guus;6.400
218;;Ingeborg;6.606;;George;6.375
219;;Annette;6.602;;Jochem;6.334
220;;Evi;6.597;;Damian;6.329
221;;Andrea;6.569;;Harry;6.259
222;;Jannigje;6.540;;Henk;6.169
223;;Wilma;6.538;;Marius;6.099
224;;Josephine;6.519;;Liam;6.085
225;;Deborah;6.472;;Arjen;6.065
226;;Regina;6.426;;Mustafa;6.057
227;;Louisa;6.416;;Olivier;6.033
228;;Rosalie;6.358;;Maikel;5.993
229;;Margriet;6.354;;Jonathan;5.985
230;;Janny;6.302;;Mats;5.946
231;;Nora;6.240;;Henri;5.935
232;;Susanna;6.239;;Harmen;5.929
233;;Priscilla;6.237;;Michaël;5.912
234;;Sofie;6.231;;Quinten;5.886
235;;Mariëlle;6.219;;Edward;5.867
236;;Jill;6.188;;Thijmen;5.836
237;;Edith;6.182;;Bartholomeus;5.833
238;;Rachel;6.180;;Gerben;5.805
239;;Lara;6.149;;Ralph;5.758
240;;Christine;6.059;;Marijn;5.753
241;;Luna;5.980;;Douwe;5.745
242;;Jannie;5.940;;Hidde;5.730
243;;Agatha;5.926;;Kornelis;5.690
244;;Isabel;5.923;;Walter;5.682
245;;Isabella;5.914;;Oscar;5.649
246;;Renée;5.909;;Fabian;5.609
247;;Bo;5.906;;Rogier;5.603
248;;Noor;5.886;;Melvin;5.583
249;;Nadia;5.880;;Adam;5.489
250;;Bertha;5.865;;Samuel;5.483
251;;Loes;5.863;;Nico;5.440
252;;Kimberley;5.819;;Stef;5.436
253;;Antonetta;5.815;;Joshua;5.421
254;;Geesje;5.781;;Anthonius;5.329
255;;Lydia;5.734;;Ties;5.327
256;;Susan;5.706;;Alfred;5.297
257;;Gerdina;5.698;;Tygo;5.295
258;;Miriam;5.676;;Tobias;5.259
259;;Henriette;5.649;;Jesper;5.233
260;;Natascha;5.624;;Chris;5.227
261;;Esmée;5.602;;Twan;5.183
262;;Clasina;5.584;;Bryan;5.142
263;;Henderika;5.574;;Charles;5.134
264;;Teuntje;5.501;;Ruud;5.116
265;;Yvette;5.444;;Antoon;5.078
266;;Kimberly;5.442;;Björn;5.056
267;;Olga;5.438;;Jason;5.053
268;;Tanja;5.423;;Bjorn;5.047
269;;Dorothea;5.420;;Maurits;5.040
270;;Hannah;5.411;;Jimmy;4.948
271;;Sterre;5.350;;Glenn;4.931
272;;Yara;5.350;;Nicky;4.912
273;;Dominique;5.350;;Dick;4.905
274;;Shirley;5.318;;Ronny;4.885
275;;Anke;5.309;;Theo;4.871
276;;Daisy;5.299;;Leo;4.822
277;;Meike;5.298;;Jordi;4.816
278;;Engelina;5.292;;Olaf;4.810
279;;Sabrina;5.274;;Jim;4.804
280;;Elisa;5.272;;Mario;4.803
281;;Bente;5.251;;Roger;4.782
282;;Isabelle;5.234;;William;4.779
283;;Marja;5.184;;Christianus;4.745
284;;Suzanna;5.172;;Jurre;4.716
285;;Jenny;5.145;;Mitchell;4.704
286;;José;5.137;;Joël;4.689
287;;Rebecca;5.115;;Leonard;4.689
288;;Klazina;5.108;;Mick;4.683
289;;Annigje;5.098;;Gerhard;4.655
290;;Alice;5.096;;Cornelius;4.642
291;;Janine;5.047;;Siem;4.608
292;;Veerle;5.033;;Jarno;4.604
293;;Lianne;4.995;;Jean;4.588
294;;Annelies;4.967;;Anthony;4.583
295;;Nynke;4.957;;Laurentius;4.573
296;;Jansje;4.954;;Kees;4.563
297;;Julie;4.879;;Wilhelm;4.552
298;;Fatma;4.831;;Ibrahim;4.547
299;;Alberdina;4.790;;Jaap;4.519
300;;Clara;4.788;;Jelmer;4.519
301;;Gezina;4.788;;Anthonie;4.515
302;;Bernadette;4.744;;Dion;4.502
303;;Nadine;4.702;;Jurgen;4.498
304;;Amanda;4.687;;Emiel;4.455
305;;Jeanette;4.621;;Bertus;4.453
306;;Karen;4.608;;Youri;4.448
307;;Lilian;4.605;;Frits;4.436
308;;Indy;4.588;;Tristan;4.422
309;;Carola;4.557;;Tijmen;4.406
310;;Karlijn;4.552;;Ernst;4.406
311;;Alberta;4.538;;Lukas;4.389
312;;Lina;4.528;;Jack;4.351
313;;Maureen;4.524;;Nathan;4.340
314;;Loïs;4.523;;Roan;4.318
315;;Nelly;4.514;;Lodewijk;4.317
316;;Aartje;4.501;;Stephanus;4.290
317;;Janke;4.454;;Arno;4.284
318;;Mathilda;4.440;;Mattheus;4.283
319;;Hanna;4.426;;Barend;4.226
320;;Aukje;4.422;;Ronnie;4.185
321;;Cecilia;4.375;;Barry;4.176
322;;Froukje;4.352;;Julius;4.176
323;;Hendrica;4.345;;Dani;4.132
324;;Larissa;4.339;;Rudi;4.121
325;;Puck;4.327;;Boris;4.118
326;;Hester;4.270;;Vince;4.109
327;;Saar;4.260;;Dean;4.102
328;;Emily;4.259;;Mohammad;4.091
329;;Senna;4.251;;Otto;4.084
330;;Marian;4.217;;Coen;4.074
331;;Ashley;4.205;;Philip;4.062
332;;Willempje;4.202;;Yannick;4.031
333;;Margje;4.170;;Davy;4.025
334;;Bernardina;4.167;;Auke;4.014
335;;Mieke;4.147;;Lorenzo;4.009
336;;Olivia;4.123;;Ronaldus;4.005
337;;Veronica;4.117;;Giovanni;3.983
338;;Kiki;4.058;;Harold;3.970
339;;Stefanie;4.052;;Thom;3.964
340;;Josepha;4.051;;Eddy;3.954
341;;Kyra;4.037;;Timothy;3.906
342;;Hillegonda;4.036;;Rudy;3.882
343;;Thi;4.023;;Jeremy;3.859
344;;Anthonia;4.016;;Ahmet;3.847
345;;Elly;3.988;;Matheus;3.827
346;;Samira;3.949;;Omar;3.818
347;;Hanneke;3.939;;Mika;3.804
348;;Mirthe;3.933;;Godefridus;3.801
349;;Jeltje;3.931;;Tjeerd;3.779
350;;Elin;3.909;;Jorn;3.772
351;;Hilde;3.907;;Boaz;3.770
352;;Liv;3.901;;Carolus;3.755
353;;Sietske;3.900;;James;3.753
354;;Noortje;3.860;;Freddy;3.751
355;;Eleonora;3.834;;Piet;3.724
356;;Marlies;3.829;;Huibert;3.654
357;;Tjitske;3.828;;Bert;3.650
358;;Yolanda;3.822;;Colin;3.644
359;;Nicolette;3.795;;Reinder;3.638
360;;Ivonne;3.789;;Marvin;3.632
361;;Elsje;3.764;;Kay;3.619
362;;Linde;3.750;;Roeland;3.617
363;;Margot;3.728;;Fredericus;3.616
364;;Grada;3.722;;Markus;3.601
365;;Sjoukje;3.716;;Noud;3.568
366;;Debby;3.702;;Wim;3.499
367;;Josina;3.697;;Jos;3.489
368;;Carlijn;3.693;;Mathias;3.404
369;;Maatje;3.692;;Lammert;3.404
370;;Danielle;3.691;;Hubert;3.389
371;;Ella;3.684;;Abel;3.370
372;;Angelina;3.677;;Ian;3.366
373;;Joke;3.675;;Jacques;3.366
374;;Imke;3.662;;Wiebe;3.364
375;;Wietske;3.656;;Sjors;3.360
376;;Jenneke;3.631;;Marcellinus;3.339
377;;Harmina;3.624;;Henderikus;3.325
378;;Fenne;3.605;;Onno;3.316
379;;Christel;3.601;;Joeri;3.314
380;;Ruth;3.595;;Ludovicus;3.290
381;;Jade;3.588;;Youssef;3.280
382;;Pien;3.570;;Augustinus;3.262
383;;Mireille;3.555;;Emile;3.229
384;;Gerardina;3.555;;Leroy;3.218
385;;Roelofje;3.539;;Felix;3.210
386;;Rosanne;3.522;;Wout;3.197
387;;Aafke;3.518;;Boudewijn;3.180
388;;Mathilde;3.517;;Jannes;3.175
389;;Erna;3.509;;Freek;3.173
390;;Klaasje;3.500;;Kai;3.167
391;;Jeanne;3.491;;Ben;3.147
392;;Katharina;3.463;;Jules;3.144
393;;Valerie;3.445;;Hermannus;3.142
394;;Erica;3.424;;Melle;3.136
395;;Tineke;3.413;;Tycho;3.128
396;;Pietertje;3.409;;Jelte;3.127
397;;Willemijn;3.383;;Kasper;3.105
398;;Hilda;3.377;;Owen;3.078
399;;Vivian;3.374;;Matthias;3.075
400;;Lizzy;3.367;;Jorrit;3.057
401;;Evy;3.362;;Arnoud;3.056
402;;Liesbeth;3.361;;Gert;3.050
403;;Silke;3.360;;Mitchel;3.039
404;;Carolien;3.356;;Johannis;3.023
405;;Vanessa;3.356;;Remko;3.011
406;;Baukje;3.323;;Mart;2.992
407;;Feline;3.322;;Jerry;2.989
408;;Mary;3.319;;Machiel;2.986
409;;Sam;3.318;;El;2.986
410;;Tara;3.318;;Jamie;2.984
411;;Nova;3.315;;Ferry;2.982
412;;Allegonda;3.314;;Carlo;2.977
413;;Marjolijn;3.293;;Merijn;2.974
414;;Elena;3.268;;Theodoor;2.974
415;;Debbie;3.267;;Rachid;2.959
416;;Gertrudis;3.260;;Frederikus;2.955
417;;Benthe;3.247;;Jip;2.953
418;;Gesina;3.244;;Said;2.952
419;;Marjon;3.240;;Ismail;2.951
420;;Khadija;3.229;;Jort;2.939
421;;Debora;3.228;;Aloysius;2.925
422;;Désirée;3.222;;Xander;2.924
423;;Floortje;3.218;;Marnix;2.915
424;;Lonneke;3.205;;Fedde;2.912
425;;Dewi;3.198;;Aron;2.906
426;;Jacomina;3.193;;Jay;2.854
427;;Joëlle;3.185;;Jurjen;2.832
428;;Ineke;3.182;;Angelo;2.815
429;;Ay?e;3.181;;Yusuf;2.814
430;;Suzan;3.179;;Rowan;2.807
431;;Pietje;3.179;;Pierre;2.805
432;;Rita;3.167;;Hassan;2.797
433;;Minke;3.156;;Eelco;2.790
434;;Willemijntje;3.147;;Muhammed;2.785
435;;Heidi;3.147;;Davey;2.785
436;;Liz;3.143;;Alphonsus;2.764
437;;Albertha;3.140;;Tijs;2.761
438;;Suze;3.126;;Valentijn;2.755
439;;Selma;3.122;;Luke;2.745
440;;Esmeralda;3.120;;Raoul;2.744
441;;Quinty;3.108;;Diederik;2.740
442;;Lauren;3.081;;Sil;2.731
443;;Mara;3.074;;Rayan;2.716
444;;Martje;3.072;;Bilal;2.711
445;;Fay;3.062;;Lennart;2.710
446;;Claire;3.061;;Florian;2.709
447;;Manuela;3.060;;Hasan;2.707
448;;Peggy;3.050;;Manuel;2.700
449;;Ramona;3.029;;Kenneth;2.685
450;;Juliette;3.027;;Dex;2.658
451;;Hiltje;3.020;;Iwan;2.650
452;;Adriaantje;3.015;;Rolf;2.643
453;;Celine;3.008;;Hamza;2.637
454;;Kaylee;2.990;;Bernhard;2.632
455;;Evertje;2.988;;Lambert;2.629
456;;Thea;2.971;;Mathieu;2.622
457;;Lamberta;2.961;;Henry;2.619
458;;Sofia;2.959;;Gino;2.618
459;;Madelon;2.949;;Wilco;2.611
460;;Kayleigh;2.941;;Ivan;2.606
461;;Megan;2.939;;Werner;2.599
462;;Geertruda;2.938;;Stefanus;2.587
463;;Guusje;2.935;;Randy;2.568
464;;Annemiek;2.928;;Morris;2.567
465;;Gijsbertha;2.916;;Quinn;2.553
466;;Jitske;2.902;;Roelf;2.534
467;;Gerharda;2.892;;Everardus;2.532
468;;Stella;2.887;;Philippus;2.530
469;;Jentje;2.877;;Khalid;2.524
470;;Joy;2.871;;Lex;2.523
471;;Heleen;2.870;;Aaron;2.519
472;;Marrigje;2.855;;Andy;2.513
473;;Mina;2.847;;Yassine;2.511
474;;Soraya;2.835;;Nils;2.511
475;;Ester;2.829;;Jari;2.504
476;;Brigitta;2.826;;Ralf;2.501
477;;Aagje;2.820;;Tommy;2.495
478;;Dana;2.818;;Murat;2.494
479;;Hatice;2.814;;François;2.494
480;;Antoinetta;2.806;;Loek;2.494
481;;Albertje;2.792;;Roberto;2.484
482;;Aniek;2.791;;Wijnand;2.469
483;;Janne;2.778;;Hein;2.452
484;;Maxime;2.770;;Hessel;2.437
485;;Angélique;2.768;;Ivar;2.427
486;;Leonarda;2.735;;Remy;2.427
487;;Sandy;2.722;;Brent;2.404
488;;Kitty;2.703;;Bauke;2.395
489;;Kristel;2.700;;Nigel;2.385
490;;Reina;2.692;;Meindert;2.374
491;;Liza;2.690;;Krijn;2.373
492;;Lana;2.686;;Coenraad;2.370
493;;Arnolda;2.684;;Micha;2.366
494;;Elvira;2.675;;Ömer;2.355
495;;Leentje;2.673;;Jonas;2.326
496;;Natalie;2.652;;Zakaria;2.325
497;;Alicia;2.648;;Eduardus;2.308
498;;Gijsberta;2.632;;Folkert;2.297
499;;Beatrix;2.625;;Sietse;2.287
500;;Gabriëlle;2.616;;Samir;2.279
501;;Elif;2.604;;Wolter;2.279
502;;Desirée;2.604;;Siebe;2.265
503;;Isis;2.602;;Amir;2.263
504;;Gemma;2.601;;Léon;2.261
505;;Lise;2.586;;Ricky;2.241
506;;Madelief;2.572;;Delano;2.238
507;;Gerrigje;2.571;;Sebastian;2.235
508;;Henny;2.571;;Carel;2.226
509;;Malika;2.560;;Kyan;2.223
510;;Nikita;2.551;;Collin;2.220
511;;Merle;2.549;;Ayoub;2.196
512;;Ina;2.545;;Maxim;2.186
513;;Zwaantje;2.527;;Fokke;2.175
514;;Babette;2.523;;Vincentius;2.172
515;;Emine;2.508;;Jop;2.153
516;;Jeanine;2.507;;Elias;2.148
517;;Cheyenne;2.502;;Duncan;2.140
518;;Jamie;2.497;;Brandon;2.138
519;;Elke;2.494;;Rudolph;2.127
520;;Lola;2.493;;Rijk;2.121
521;;Nicky;2.492;;Hindrik;2.105
522;;Juliana;2.482;;Jaimy;2.094
523;;Harmke;2.469;;Jamal;2.092
524;;Belinda;2.454;;Keano;2.064
525;;Moniek;2.440;;Johann;2.058
526;;Noëlle;2.438;;Dimitri;2.056
527;;Trientje;2.435;;Willy;2.047
528;;Jet;2.433;;Willibrordus;2.047
529;;Cato;2.430;;Clemens;2.047
530;;Klasina;2.429;;Robbie;2.035
531;;Amina;2.412;;Dylano;2.018
532;;Roxanne;2.410;;Tjerk;2.017
533;;Gerrie;2.405;;Ron;2.008
534;;Mirte;2.403;;Carlos;2.001
535;;Norah;2.400;;Karim;1.998
536;;Paulien;2.393;;Hüseyin;1.986
537;;Emmy;2.392;;Jan-Willem;1.984
538;;Zeynep;2.386;;Beau;1.976
539;;Jessie;2.378;;Boy;1.976
540;;Marcella;2.370;;Franklin;1.947
541;;Geeske;2.361;;Ilias;1.936
542;;Corine;2.355;;Marcellus;1.933
543;;Sacha;2.354;;Rico;1.929
544;;Janet;2.350;;Thijn;1.928
545;;Jolien;2.350;;Antoine;1.926
546;;Helen;2.349;;Gideon;1.925
547;;Aletta;2.344;;Younes;1.920
548;;Helga;2.339;;Donny;1.916
549;;Lindsey;2.331;;Nino;1.913
550;;Akke;2.321;;Jacco;1.908
551;;Dorien;2.320;;Eugène;1.889
552;;Rinske;2.305;;Freerk;1.886
553;;Ursula;2.304;;Stanley;1.880
554;;Nanda;2.302;;Emre;1.869
555;;Marissa;2.294;;Kaj;1.861
556;;Margreet;2.289;;Edgar;1.860
557;;Donna;2.288;;Robby;1.856
558;;Christa;2.273;;Xavi;1.856
559;;Corina;2.259;;Tomas;1.848
560;;Jantine;2.254;;Engelbertus;1.842
561;;Pleun;2.253;;Giel;1.842
562;;Veronique;2.253;;Rein;1.836
563;;Else;2.251;;Lieuwe;1.828
564;;Annechien;2.250;;Christopher;1.827
565;;Yasmine;2.249;;Koenraad;1.823
566;;Maryam;2.220;;Marlon;1.820
567;;Fabiënne;2.215;;Herbert;1.813
568;;Amira;2.213;;Osman;1.805
569;;Dagmar;2.196;;Senna;1.802
570;;Karima;2.190;;Mitch;1.797
571;;Gwen;2.186;;Wietse;1.795
572;;Jamila;2.177;;Caspar;1.792
573;;Lieve;2.171;;Sami;1.789
574;;Nicoline;2.160;;Serge;1.788
575;;Sigrid;2.156;;Dominique;1.787
576;;Joanne;2.152;;August;1.786
577;;Margo;2.146;;Wilfred;1.786
578;;Selina;2.145;;Gustaaf;1.782
579;;Fiene;2.144;;Senn;1.781
580;;Fien;2.144;;Milo;1.774
581;;Aya;2.141;;Chiel;1.772
582;;Arendina;2.137;;Harmannus;1.760
583;;Meryem;2.137;;Axel;1.759
584;;Ria;2.136;;Diego;1.753
585;;Hilligje;2.126;;Gertjan;1.745
586;;Anje;2.126;;Maximiliaan;1.744
587;;Suus;2.122;;Alwin;1.739
588;;Sabina;2.122;;Mustapha;1.738
589;;Bibi;2.117;;Abdullah;1.734
590;;Charissa;2.113;;Mason;1.732
591;;Jozina;2.107;;Jouke;1.720
592;;Esra;2.106;;Renzo;1.717
593;;Helene;2.104;;Kelvin;1.709
594;;Audrey;2.092;;Gabriël;1.702
595;;Eefje;2.092;;Robbin;1.699
596;;Dieuwke;2.086;;Merlijn;1.691
597;;Diane;2.071;;Aiden;1.687
598;;Alie;2.071;;Matthew;1.682
599;;Evelyn;2.067;;Berry;1.678
600;;Aimée;2.061;;Adolf;1.665
601;;Ruby;2.055;;Timotheus;1.661
602;;Yasmin;2.051;;Heinrich;1.656
603;;Victoria;2.050;;Harald;1.652
604;;Annika;2.044;;Aalt;1.652
605;;Mariëtte;2.043;;Sten;1.649
606;;Sylvana;2.038;;Mischa;1.648
607;;Huberdina;2.038;;Govert;1.647
608;;Emilie;2.022;;Romano;1.645
609;;Desiree;2.007;;Sepp;1.640
610;;Alyssa;2.005;;Bouke;1.639
611;;Constance;1.996;;Luka;1.638
612;;Elize;1.996;;Quincy;1.635
613;;Juliëtte;1.995;;José;1.627
614;;Madeleine;1.990;;Gradus;1.621
615;;Zahra;1.986;;Richardus;1.614
616;;Joan;1.982;;Sep;1.612
617;;Katja;1.981;;Ravi;1.605
618;;Juul;1.981;;Maik;1.588
619;;Eliza;1.980;;Huub;1.586
620;;Karina;1.976;;Fatih;1.584
621;;Clazina;1.975;;Rudolphus;1.580
622;;Lize;1.974;;Rafael;1.579
623;;Faye;1.973;;Lucien;1.576
624;;Rachida;1.973;;Etienne;1.574
625;;Liselotte;1.968;;Ezra;1.571
626;;Jane;1.964;;Bradley;1.571
627;;Mirella;1.962;;Roderick;1.568
628;;Els;1.962;;Guillaume;1.562
629;;Annabel;1.950;;Seth;1.554
630;;Ana;1.944;;Bo;1.554
631;;Imane;1.938;;Christoffel;1.552
632;;Apolonia;1.923;;Lesley;1.546
633;;Erika;1.920;;Friso;1.545
634;;Lijntje;1.920;;Yasin;1.542
635;;Jennigje;1.913;;Arne;1.541
636;;Elske;1.909;;Armand;1.541
637;;Mascha;1.904;;Allard;1.531
638;;Femmigje;1.891;;Remon;1.523
639;;Felicia;1.882;;Noël;1.523
640;;Huberta;1.881;;Abdul;1.517
641;;Aafje;1.879;;Andrew;1.513
642;;Albertine;1.878;;Ruurd;1.512
643;;Sascha;1.872;;Carl;1.498
644;;Greta;1.872;;Raf;1.498
645;;Thirza;1.869;;Lennard;1.496
646;;Fiona;1.864;;Donald;1.495
647;;Hedwig;1.856;;Hicham;1.493
648;;Albertina;1.855;;Antonio;1.492
649;;Geertrui;1.855;;Timon;1.482
650;;Wanda;1.845;;Jordan;1.481
651;;Fatiha;1.844;;Tarik;1.476
652;;Arendje;1.838;;Johannus;1.475
653;;Jetske;1.836;;Mert;1.470
654;;Afra;1.835;;Geurt;1.469
655;;Gina;1.835;;Juan;1.462
656;;Mette;1.834;;Joran;1.457
657;;Jolijn;1.834;;Calvin;1.456
658;;Hermanna;1.831;;Storm;1.450
659;;Bregje;1.828;;Yuri;1.445
660;;Marjanne;1.827;;Jurriaan;1.439
661;;Gaby;1.826;;Egbertus;1.429
662;;Ivy;1.820;;Camiel;1.426
663;;Famke;1.815;;Miguel;1.424
664;;Anne-Marie;1.813;;Ewout;1.421
665;;Amal;1.813;;Ingmar;1.415
666;;Ilonka;1.799;;Ahmad;1.414
667;;Hélène;1.798;;Lourens;1.414
668;;Beau;1.789;;Sidney;1.413
669;;;1.789;;Waltherus;1.413
670;;Pamela;1.788;;Gert-Jan;1.412
671;;Tine;1.786;;Mimoun;1.410
672;;Lily;1.786;;Sean;1.410
673;;Chloë;1.786;;Norbert;1.409
674;;Hinke;1.778;;Fredrik;1.404
675;;Anniek;1.775;;Anouar;1.402
676;;Egberdina;1.762;;Joachim;1.402
677;;Rosita;1.760;;Igor;1.398
678;;Francis;1.747;;Ramazan;1.394
679;;Tonia;1.747;;Emir;1.391
680;;Birgit;1.744;;Scott;1.389
681;;Renata;1.743;;Yorick;1.384
682;;Ellis;1.738;;Samuël;1.381
683;;Annet;1.736;;Kian;1.381
684;;Jantien;1.726;;Alain;1.381
685;;Frederique;1.725;;Imran;1.372
686;;Shannon;1.723;;Raymon;1.355
687;;Mare;1.722;;Luciano;1.354
688;;Lindsay;1.721;;Amin;1.352
689;;Mariam;1.718;;Wieger;1.351
690;;Maya;1.717;;Yassin;1.349
691;;Florence;1.717;;;1.341
692;;Inez;1.716;;Perry;1.338
693;;Fabienne;1.710;;Bruno;1.327
694;;Elsa;1.709;;Brahim;1.325
695;;Monika;1.694;;Bobby;1.322
696;;Naima;1.690;;Stephen;1.317
697;;Rowena;1.687;;Martien;1.316
698;;Hermine;1.685;;Alphons;1.313
699;;Yasmina;1.673;;Taco;1.311
700;;Daniëlla;1.667;;Tiemen;1.309
701;;Aicha;1.665;;Sipke;1.307
702;;Manouk;1.664;;Jayson;1.306
703;;Dionne;1.658;;Rodney;1.305
704;;Stijntje;1.656;;Sergio;1.298
705;;Boukje;1.644;;Lenn;1.296
706;;Mia;1.642;;Xavier;1.293
707;;Jaimy;1.638;;Renatus;1.290
708;;Sheila;1.635;;Gerald;1.289
709;;Marianna;1.631;;Anass;1.282
710;;Rozemarijn;1.630;;Abdellah;1.281
711;;Aldegonda;1.626;;Jorg;1.279
712;;Lidwina;1.613;;Dinand;1.276
713;;Marlou;1.611;;Hielke;1.273
714;;Laila;1.608;;Dominicus;1.268
715;;Latifa;1.605;;Stefano;1.264
716;;Malou;1.601;;Sietze;1.257
717;;Hajar;1.600;;Deniz;1.256
718;;Chiara;1.591;;Eelke;1.255
719;;Lamberdina;1.586;;Fred;1.255
720;;Jannette;1.583;;Hakan;1.255
721;;Yfke;1.581;;Alfons;1.254
722;;Gretha;1.574;;Elbert;1.252
723;;Arina;1.558;;Ilyas;1.251
724;;Dianne;1.557;;Rinze;1.251
725;;Bastiaantje;1.553;;Hilbert;1.250
726;;Rachelle;1.553;;Reijer;1.250
727;;Marijn;1.551;;Jake;1.245
728;;Klaaske;1.537;;Marko;1.241
729;;Sharona;1.536;;Halil;1.237
730;;Bernarda;1.528;;Tony;1.231
731;;Lois;1.526;;Duuk;1.227
732;;Youssra;1.521;;Duco;1.221
733;;Saida;1.520;;Jürgen;1.220
734;;Marga;1.517;;Aaldert;1.219
735;;Hetty;1.516;;Oliver;1.215
736;;Herma;1.513;;Reindert;1.209
737;;Dieuwertje;1.511;;Jans;1.207
738;;Maike;1.506;;Adil;1.207
739;;Layla;1.506;;Gilbert;1.206
740;;Chelsea;1.500;;Gerwin;1.205
741;;Livia;1.497;;Farid;1.205
742;;Metje;1.496;;Denny;1.202
743;;Caitlin;1.494;;Olav;1.202
744;;Salma;1.491;;Hamid;1.189
745;;Lucie;1.490;;Thierry;1.185
746;;Céline;1.490;;Redouan;1.184
747;;Farah;1.489;;Sybren;1.184
748;;Machteld;1.488;;Kick;1.183
749;;Greetje;1.488;;Ewoud;1.179
750;;Serena;1.487;;Dingeman;1.179
751;;Nellie;1.485;;Cornelus;1.177
752;;Derkje;1.483;;Jean-Paul;1.174
753;;Annetje;1.483;;Manfred;1.173
754;;Krista;1.480;;Dries;1.171
755;;Willeke;1.479;;Kenny;1.169
756;;Siham;1.479;;Kyano;1.167
757;;Rabia;1.475;;Quint;1.167
758;;Berdina;1.472;;Taeke;1.166
759;;Fokje;1.472;;Burak;1.165
760;;Rika;1.471;;Wietze;1.162
761;;Heintje;1.469;;Ward;1.160
762;;Hillechien;1.469;;Sebastianus;1.159
763;;Carina;1.466;;Enrico;1.154
764;;Kornelia;1.464;;Tonny;1.152
765;;Lindy;1.456;;Emanuel;1.152
766;;Farida;1.450;;Evan;1.145
767;;Wijnanda;1.448;;Gregory;1.144
768;;Ada;1.447;;Don;1.144
769;;Rosalia;1.447;;Devin;1.143
770;;Jente;1.446;;Nout;1.142
771;;Leyla;1.442;;Nabil;1.135
772;;Margaret;1.442;;Abdelkader;1.134
773;;Dingena;1.437;;Levy;1.128
774;;Hailey;1.436;;Justus;1.122
775;;Gertrude;1.432;;Jur;1.114
776;;Lucy;1.432;;Achraf;1.113
777;;Ilja;1.427;;Pelle;1.110
778;;Evie;1.427;;Sjouke;1.104
779;;Zara;1.423;;Van;1.104
780;;Marretje;1.417;;Josef;1.100
781;;Marie-Louise;1.411;;Francis;1.099
782;;Niesje;1.408;;Rienk;1.096
783;;Geessien;1.404;;Aziz;1.092
784;;Jenna;1.401;;Benny;1.088
785;;Joukje;1.401;;Edo;1.085
786;;Silvana;1.394;;Fouad;1.083
787;;Angelica;1.393;;Ernest;1.083
788;;Kyara;1.390;;Constantijn;1.083
789;;Merve;1.383;;Yves;1.079
790;;Kate;1.380;;Ayman;1.077
791;;Elles;1.379;;Theunis;1.076
792;;Grace;1.378;;Rafaël;1.076
793;;Jolie;1.376;;Remi;1.072
794;;Laurentia;1.375;;Han;1.071
795;;Chayenne;1.374;;Arnout;1.068
796;;Tirza;1.370;;Yoeri;1.068
797;;Annemijn;1.369;;Durk;1.065
798;;Willemke;1.366;;Guy;1.065
799;;Lambertha;1.362;;Aldert;1.055
800;;Patty;1.353;;Amar;1.054
801;;Leonora;1.351;;Reinout;1.053
802;;Barbera;1.346;;Philippe;1.053
803;;Talitha;1.344;;Dominic;1.050
804;;Renee;1.344;;Juul;1.048
805;;Frieda;1.342;;Everhardus;1.045
806;;Gabriëlla;1.340;;Driss;1.044
807;;Jolande;1.337;;Furkan;1.044
808;;Marcia;1.336;;Egidius;1.043
809;;Alina;1.331;;Koert;1.043
810;;Hennie;1.331;;Norbertus;1.039
811;;Marchien;1.321;;Wilbert;1.034
812;;Philomena;1.318;;Kris;1.022
813;;Tamar;1.318;;Ole;1.019
814;;Titia;1.317;;Shane;1.018
815;;Hanane;1.315;;Toon;1.017
816;;Reintje;1.314;;Julien;1.017
817;;Lucienne;1.314;;Joop;1.016
818;;Ayla;1.307;;Arda;1.016
819;;Romée;1.300;;Enzo;1.015
820;;Pascalle;1.291;;Tjalling;1.015
821;;Jenneken;1.287;;Izaäk;1.014
822;;Najat;1.285;;Raimond;1.010
823;;Lot;1.284;;Roman;1.009
824;;Mechelina;1.282;;Denis;1.006
825;;Leontine;1.281;;Emil;1.006
826;;Aline;1.281;;Joas;1.001
827;;Berber;1.277;;Kadir;1.001
828;;Sijtske;1.275;;Gilles;998
829;;Eugenie;1.273;;Abdeslam;995
830;;Klaske;1.272;;Enes;991
831;;Mira;1.272;;Yunus;988
832;;Flora;1.267;;Catharinus;988
833;;Heiltje;1.264;;Daley;987
834;;Kelsey;1.263;;Maas;984
835;;Meta;1.262;;Amine;984
836;;Stacey;1.262;;Riley;981
837;;Goverdina;1.259;;Adem;980
838;;Zehra;1.253;;Ewald;978
839;;Leuntje;1.252;;Romeo;978
840;;Roelfina;1.252;;Jace;976
841;;Alma;1.251;;Joppe;975
842;;Rosemarie;1.241;;Wouterus;974
843;;Ali;1.241;;Gosse;972
844;;Arnoldina;1.239;;Bruce;972
845;;Lea;1.239;;Tieme;972
846;;Arianne;1.238;;Aalbert;969
847;;Dilara;1.236;;Abdelaziz;968
848;;Fem;1.235;;Willebrordus;964
849;;Pascale;1.235;;Leander;959
850;;Esma;1.235;;Vigo;958
851;;Yasemin;1.235;;Soufiane;956
852;;Gwendolyn;1.234;;Pier;955
853;;Celina;1.231;;Geoffrey;953
854;;Myrna;1.229;;Mounir;953
855;;Rose;1.228;;Abe;949
856;;Amélie;1.226;;Denzel;949
857;;Katinka;1.224;;Lubbert;949
858;;Fadma;1.223;;Fernando;949
859;;Emilia;1.218;;Abram;949
860;;Diede;1.218;;Kristian;945
861;;Leanne;1.216;;Jonah;945
862;;Marlene;1.216;;Boyd;943
863;;Nelleke;1.216;;Steve;943
864;;Ardina;1.215;;Ferdi;941
865;;Doris;1.215;;M'hamed;940
866;;Marrit;1.214;;Sake;937
867;;Tietje;1.210;;Kaan;937
868;;Hayat;1.202;;Walid;933
869;;Pietronella;1.200;;Feike;932
870;;Anneloes;1.200;;Barteld;931
871;;Cheryl;1.197;;Sijtze;931
872;;Linsey;1.197;;Damiën;925
873;;Florine;1.196;;Jilles;925
874;;Yamina;1.189;;Mauro;924
875;;Jozefina;1.189;;Hylke;921
876;;Ikram;1.188;;Jax;919
877;;Daniek;1.187;;Pedro;918
878;;Dorine;1.179;;Roald;916
879;;Harmanna;1.177;;Gabriel;915
880;;Odette;1.177;;Süleyman;915
881;;Cora;1.170;;Karl;914
882;;Anissa;1.163;;Elijah;912
883;;Corinne;1.157;;Lubbertus;912
884;;Birgitta;1.155;;Gregorius;909
885;;Afke;1.155;;Fokko;909
886;;Geziena;1.155;;Thimo;904
887;;Jip;1.154;;Age;903
888;;Conny;1.153;;Lasse;903
889;;Hanne;1.148;;Sijmen;903
890;;Celeste;1.147;;Sonny;901
891;;Frédérique;1.146;;Moos;900
892;;Jorien;1.143;;Dyon;898
893;;Lobke;1.139;;Yassir;897
894;;Evelina;1.139;;Mourad;897
895;;Shanna;1.137;;Ate;892
896;;Janette;1.135;;Leopold;890
897;;Kaoutar;1.135;;Isaac;890
898;;Azra;1.134;;Raphaël;889
899;;Féline;1.130;;Gerbrand;889
900;;Gea;1.120;;Kars;887
901;;Bouchra;1.116;;Metin;885
902;;Christiana;1.113;;Viggo;882
903;;Halima;1.111;;Wilfried;881
904;;Jacobje;1.110;;Patricius;881
905;;Geraldine;1.109;;Alan;880
906;;Stéphanie;1.106;;Jessy;878
907;;Klara;1.104;;Alle;876
908;;Mayke;1.103;;Mels;875
909;;Angeline;1.102;;Kenan;872
910;;Chloé;1.101;;Muhammad;871
911;;Oumaima;1.098;;Nicolas;866
912;;Natasha;1.095;;Jurriën;866
913;;Selena;1.095;;Adnan;864
914;;Frederike;1.093;;Godfried;864
915;;Fieke;1.093;;Quirinus;863
916;;Aïcha;1.085;;Gianni;862
917;;Marike;1.085;;Silvan;862
918;;Dounia;1.084;;Orlando;861
919;;Natalia;1.081;;Renier;857
920;;Aylin;1.080;;Nassim;856
921;;Abigail;1.080;;Stein;856
922;;Nada;1.079;;Corné;854
923;;Asma;1.074;;Engbert;854
924;;Virginia;1.069;;Semih;848
925;;Angel;1.066;;Jeffry;848
926;;Franciska;1.062;;Karsten;846
927;;Jara;1.061;;Reginald;845
928;;Aria;1.060;;Izaak;840
929;;Gertrud;1.059;;Marciano;837
930;;Marijtje;1.058;;Salih;837
931;;Nena;1.051;;Salim;835
932;;Willemien;1.051;;Kjell;835
933;;Liduina;1.050;;Robert-Jan;834
934;;Roosmarijn;1.047;;Harrie;831
935;;Mildred;1.046;;Gezinus;831
936;;Hafida;1.039;;Noureddine;830
937;;Barendina;1.037;;Huig;829
938;;Irmgard;1.037;;Swen;828
939;;Melisa;1.036;;Armin;825
940;;Jana;1.035;;Emmanuel;824
941;;Tannetje;1.034;;Dante;824
942;;Margretha;1.032;;Senne;823
943;;Jaylinn;1.031;;Joram;821
944;;Marlous;1.029;;Bennie;820
945;;Eleonore;1.028;;Naud;819
946;;Leah;1.026;;Jermaine;818
947;;Maja;1.026;;Fabio;818
948;;Dora;1.024;;Karst;816
949;;Safae;1.022;;Koos;815
950;;Destiny;1.020;;Ferdinandus;814
951;;Corrie;1.019;;Serkan;814
952;;Sarina;1.014;;Alfonsus;811
953;;Françoise;1.014;;Johny;810
954;;Roelfien;1.014;;Kim;809
955;;Tiny;1.012;;Reza;809
956;;Alisha;1.012;;IJsbrand;809
957;;Annick;1.011;;Dennie;808
958;;Bastiana;1.011;;Jakobus;808
959;;Catherine;1.006;;Francisco;804
960;;Romana;1.006;;Sverre;804
961;;Gerry;1.004;;Benno;803
962;;Sylvie;1.002;;Silvester;802
963;;Wieke;1.001;;Faas;801
964;;Marly;1.000;;Kas;799
965;;Luca;996;;Donovan;799
966;;Hülya;995;;Otis;798
967;;Augusta;992;;Rody;797
968;;Ivana;991;;Orhan;796
969;;Elina;985;;Yoran;795
970;;Josine;985;;Toby;795
971;;Valentina;983;;Romke;792
972;;Lian;979;;Ted;790
973;;Huiberdina;978;;Bouwe;789
974;;Irina;978;;Kjeld;789
975;;Leila;975;;Dirk-Jan;782
976;;Josefien;975;;Musa;780
977;;Wies;974;;Valentino;780
978;;Sijke;973;;Siebren;778
979;;Nicolle;973;;Renze;775
980;;Magda;971;;Rene;774
981;;Eelkje;971;;Eren;773
982;;Michèle;970;;Oussama;773
983;;Ciska;969;;Reinoud;772
984;;Loubna;967;;Dustin;772
985;;Jessy;966;;Marouane;768
986;;Fredrika;965;;Steffen;768
987;;Jikke;964;;Elroy;765
988;;Godefrida;963;;Nanne;763
989;;Lilly;961;;Onur;763
990;;Frederica;959;;Len;762
991;;Myra;959;;Chi;761
992;;Chelsey;958;;Winston;761
993;;Stientje;956;;Rudolfus;761
994;;Pip;955;;Yvo;760
995;;Hinderika;954;;Eddie;760
996;;Yolande;953;;Humphrey;756
997;;Gepke;951;;Wicher;755
998;;Helma;950;;Danilo;753
999;;Divera;947;;Ludwig;752
1000;;Estelle;946;;Jorik;751
1001;;Ise;944;;Teije;751
1002;;Anastasia;942;;Engelbert;750
1003;;Dimphna;941;;Armando;750
1004;;Jennie;938;;Alec;742
1005;;Gisela;938;;Antony;741
1006;;Valérie;936;;Rowin;741
1007;;Nisa;934;;Aris;740
1008;;Aleyna;932;;Kemal;740
1009;;Willie;932;;Edmond;737
1010;;Özlem;929;;Saïd;736
1011;;Yentl;929;;Bodhi;734
1012;;Jildou;928;;Ton;732
1013;;Betty;925;;Mahmut;732
1014;;Mijntje;924;;Jurian;730
1015;;Jinte;924;;Tigo;728
1016;;Odilia;921;;Ids;727
1017;;Linn;921;;Friedrich;726
1018;;Marsha;919;;Imad;723
1019;;Nine;918;;Tyler;723
1020;;Lammigje;917;;Kamal;723
1021;;Hildegard;917;;Cees;722
1022;;Naoual;916;;Fynn;722
1023;;Ebru;915;;Viktor;717
1024;;Willemtje;915;;Luis;716
1025;;Rixt;913;;Timmy;715
1026;;Jiska;910;;Abderrahman;713
1027;;Derya;909;;Meine;711
1028;;Tiffany;907;;Matthieu;710
1029;;Jody;906;;Siemen;709
1030;;Lesley;906;;Reint;709
1031;;Engeltje;905;;Zeger;708
1032;;Marjo;904;;Rémon;707
1033;;Mylène;903;;Elwin;704
1034;;Jasmine;901;;Terence;704
1035;;Margarita;898;;Abdelkarim;703
1036;;Francine;897;;Didier;701
1037;;Brechtje;897;;Yahya;701
1038;;Shania;896;;Derek;700
1039;;Ilham;896;;Sijbren;699
1040;;Lysanne;895;;Ilja;699
1041;;Lammechien;894;;Jacky;698
1042;;Souad;893;;Benedictus;698
1043;;Truus;893;;Jaouad;698
1044;;Sanae;891;;Jurrien;697
1045;;Gabrielle;889;;Cedric;697
1046;;Geerdina;888;;Kylian;696
1047;;Henrike;888;;Kerem;695
1048;;Wendelina;886;;Diederick;695
1049;;Cecile;885;;Sylvester;694
1050;;Laurina;884;;Jantinus;692
1051;;Muriël;882;;Huib;689
1052;;Richelle;879;;Norman;688
1053;;Tatiana;878;;Lubertus;688
1054;;Laurie;878;;Anwar;686
1055;;Marthe;877;;Demian;685
1056;;Theadora;876;;Anas;684
1057;;Rosalina;876;;Boet;682
1058;;Amelia;876;;Ayden;681
1059;;Euphemia;874;;Tibbe;681
1060;;Colinda;871;;Harun;680
1061;;Margrietha;870;;Hieronymus;679
1062;;Jantiena;870;;Naoufal;677
1063;;Marielle;870;;Mehdi;676
1064;;Roelie;869;;Mik;674
1065;;Teuna;869;;Steijn;672
1066;;Jette;867;;Rinse;671
1067;;Wijtske;866;;Jitse;671
1068;;Anoek;865;;Charlie;670
1069;;Savannah;863;;Aidan;669
1070;;Rowan;861;;Lloyd;665
1071;;Lorena;861;;Haci;664
1072;;Gijsbertje;861;;Gerlof;664
1073;;Marjorie;860;;Hilbrand;664
1074;;Augustina;859;;Cem;664
1075;;Anique;853;;Wai;664
1076;;Puk;853;;Riemer;662
1077;;Myriam;853;;Tommie;662
1078;;Habiba;852;;Elmar;660
1079;;Lutske;851;;Tijl;660
1080;;Colette;851;;Timotheüs;657
1081;;Marwa;851;;Hubrecht;657
1082;;Rana;849;;Foppe;656
1083;;Chanel;848;;Okke;656
1084;;Tatjana;847;;Izak;655
1085;;Elaine;846;;Kenji;654
1086;;Rosan;846;;Rudie;654
1087;;Iza;846;;Gökhan;652
1088;;Zohra;842;;Roderik;652
1089;;Anouschka;842;;Damon;651
1090;;Janice;842;;Muhammet;650
1091;;Sanna;841;;Silas;649
1092;;Fadime;841;;Sinan;647
1093;;Liane;840;;Huibrecht;646
1094;;Hanan;839;;Mattijs;646
1095;;Tetje;838;;Mahmoud;644
1096;;Soumaya;837;;Mannes;643
1097;;Cathelijne;836;;Erkan;641
1098;;Aisha;835;;Ayhan;641
1099;;Phileine;834;;Mink;640
1100;;Lia;834;;Pablo;638
1101;;Manja;831;;Walterus;637
1102;;Alissa;829;;Rohan;636
1103;;Nika;828;;Berat;636
1104;;Hinderkien;828;;Nicholas;636
1105;;Elsbeth;825;;Engel;635
1106;;Ymke;824;;Nolan;634
1107;;Marita;823;;Damien;634
1108;;Marlon;822;;Abderrahim;634
1109;;Mayra;820;;Mikail;632
1110;;Zoey;819;;Maxime;631
1111;;Vajèn;816;;Elmer;631
1112;;Jackie;816;;Arian;630
1113;;Esmay;815;;Hinderikus;629
1114;;Sibel;815;;Constant;628
1115;;Dilek;813;;Corstiaan;628
1116;;Noah;813;;Yordi;625
1117;;June;812;;Eliza;624
1118;;Selin;812;;Mads;623
1119;;Quincy;811;;Joan;621
1120;;Roelina;811;;Dario;621
1121;;Clementine;811;;Bernd;621
1122;;Chaima;810;;Mostafa;620
1123;;Jasmin;810;;Nando;619
1124;;Arlette;810;;Pleun;618
1125;;Wilhelmine;810;;Ray;616
1126;;Martijntje;807;;Logan;616
1127;;Daantje;806;;Matteo;616
1128;;Alijda;805;;Erol;615
1129;;Romee;805;;Moussa;615
1130;;Rahma;803;;Sacha;612
1131;;Mijke;803;;Soufian;611
1132;;Pleuntje;802;;Myron;611
1133;;Filiz;801;;Rinke;610
1134;;Anny;798;;Georgius;608
1135;;Jaantje;796;;Jozua;608
1136;;Marjoleine;796;;Sascha;608
1137;;Georgina;795;;Berkay;607
1138;;Annetta;795;;Issam;607
1139;;Véronique;793;;Minne;606
1140;;Fennigje;792;;Steyn;606
1141;;Mimount;792;;Joe;605
1142;;Bea;792;;Devon;605
1143;;Ghislaine;791;;Theodor;604
1144;;Nour;790;;Arij;603
1145;;Lidia;790;;Maria;602
1146;;Esmé;790;;Filip;602
1147;;Rosanna;789;;Koop;601
1148;;Annabelle;787;;Arent;601
1149;;Ankie;787;;Youp;600
1150;;Dymphna;786;;Marcelis;599
1151;;Robine;784;;Dionysius;597
1152;;Franka;782;;Wes;597
1153;;Manou;781;;Anno;596
1154;;Jakoba;781;;Georg;594
1155;;Salima;780;;Miquel;593
1156;;Antonette;779;;Alphonsius;592
1157;;Mirre;777;;Titus;591
1158;;Charlie;777;;Serdar;591
1159;;Gerridina;777;;Quentin;590
1160;;Margareta;776;;Ferhat;590
1161;;Jada;776;;Jörgen;589
1162;;Viola;776;;Toine;588
1163;;Saartje;776;;Rense;587
1164;;Tina;771;;Cor;585
1165;;Janita;770;;Bayram;584
1166;;Hakima;769;;Mickey;582
1167;;Gabriella;767;;Jetze;581
1168;;Aaliyah;767;;Desmond;581
1169;;Catherina;763;;Nadir;580
1170;;Wouterina;763;;Ashwin;579
1171;;Josien;763;;Mylan;579
1172;;Wijntje;762;;Henny;578
1173;;Germaine;761;;Kane;578
1174;;Noura;759;;Reda;578
1175;;Faith;758;;Bekir;577
1176;;Rosalinde;756;;Francesco;577
1177;;Caecilia;756;;Franz;576
1178;;Hiske;756;;Arnaud;576
1179;;Anika;755;;Tjibbe;575
1180;;Liva;755;;Wijbe;573
1181;;Sana;754;;Jord;573
1182;;Jacky;753;;Troy;572
1183;;Karolina;751;;Jozeph;571
1184;;Henrika;751;;Dorus;571
1185;;Rania;750;;Ramón;571
1186;;Melody;749;;Ignatius;571
1187;;Melek;749;;Sikke;570
1188;;Kris;749;;Maximilian;570
1189;;Pia;746;;Leonardo;570
1190;;Harma;744;;Misha;569
1191;;Jayda;744;;Eli;569
1192;;Saloua;743;;Jairo;569
1193;;Hermien;743;;Sjaak;569
1194;;Josefina;740;;Remmelt;568
1195;;Gijsberdina;740;;Melchior;567
1196;;Annemarieke;739;;Rocco;567
1197;;Berendje;738;;Andre;566
1198;;Sultan;737;;Jaron;566
1199;;Feikje;737;;Midas;565
1200;;Hafsa;734;;Siegfried;565
1201;;Bartha;734;;Steffan;565
1202;;Kübra;734;;Lev;565
1203;;Yuna;733;;Selim;564
1204;;Sijgje;733;;Melis;564
1205;;Fanny;732;;Badr;562
1206;;Ilayda;732;;Abdelmajid;561
1207;;Emy;731;;Dolf;561
1208;;Thérèse;729;;Terry;560
1209;;Mathea;729;;Joren;560
1210;;Rebekka;728;;Dwayne;560
1211;;Daniela;728;;Imre;559
1212;;Zainab;727;;Wijtze;558
1213;;Georgette;727;;Wilko;557
1214;;Henrietta;725;;Djayden;557
1215;;Tessel;724;;Nordin;556
1216;;Lenie;724;;Antoni;556
1217;;Pascal;724;;Kyle;555
1218;;Sienna;723;;Wytze;555
1219;;Rina;721;;Gerjan;554
1220;;Levina;721;;Raphael;553
1221;;Rosina;720;;Seb;553
1222;;Jacquelina;719;;Recep;553
1223;;Corry;718;;Akram;553
1224;;Johanne;717;;Henderik;551
1225;;Giulia;717;;Jorick;551
1226;;Sytske;716;;Eibert;551
1227;;Nicolina;714;;Jaïr;551
1228;;Teunisje;713;;Leslie;550
1229;;Jeanet;713;;Aram;550
1230;;Norma;713;;Nelson;550
1231;;Frederieke;713;;Marwan;550
1232;;Nisrine;713;;Freddie;549
1233;;Nicolien;712;;Adrian;549
1234;;Roza;712;;Jozephus;548
1235;;Cassandra;711;;Sytze;548
1236;;Ansje;710;;Bartus;548
1237;;Gloria;709;;Cengiz;546
1238;;Kira;708;;Jimi;546
1239;;Bonnie;707;;Jurrian;544
1240;;Milena;707;;Henrikus;544
1241;;Quirine;707;;Umut;543
1242;;Maura;704;;Mesut;543
1243;;Naïma;703;;Tonnis;542
1244;;Indra;703;;Frederick;540
1245;;Manal;702;;Bonne;539
1246;;Ine;702;;Hussein;538
1247;;Ayse;701;;Jorge;538
1248;;Alysha;701;;Abdelilah;537
1249;;Dian;701;;Volkan;536
1250;;Marlijn;699;;Fons;535
1251;;Gijsje;698;;Elbertus;534
1252;;Inaya;698;;Safouan;529
1253;;Hellen;698;;Moreno;529
1254;;Flore;698;;Hermannes;529
1255;;Judy;697;;Reno;529
1256;;Beyza;697;;Falco;527
1257;;Mariette;696;;Oskar;527
1258;;Demy;696;;Eray;526
1259;;Imme;695;;Quin;524
1260;;Hedy;694;;Lewis;522
1261;;Marigje;694;;Sammy;520
1262;;Ans;694;;Gjalt;520
1263;;Cécile;692;;Arif;520
1264;;Gladys;690;;Erick;520
1265;;Fee;690;;Jozias;519
1266;;Sevim;690;;Batuhan;519
1267;;Josje;690;;Isa;519
1268;;Henderkien;689;;Rinaldo;518
1269;;Henrieke;689;;Ariën;518
1270;;Justine;688;;Joah;517
1271;;Meintje;688;;Luciën;517
1272;;Sabrine;688;;Rory;517
1273;;Elle;685;;Can;517
1274;;Lente;685;;Matz;516
1275;;Betül;685;;Emirhan;514
1276;;Kiara;683;;Nelis;513
1277;;Asmae;681;;Hillebrand;513
1278;;Frouke;681;;Arvid;512
1279;;Melinda;681;;Ramses;512
1280;;Celia;679;;Roemer;512
1281;;Louiza;677;;Bartel;510
1282;;Ninthe;677;;Soufyan;510
1283;;Paola;676;;Ale;510
1284;;Geurtje;675;;Sieger;510
1285;;Sita;673;;Wander;509
1286;;Nadja;673;;Errol;509
1287;;Jeske;672;;Bjarne;507
1288;;Eef;672;;Ferdy;507
1289;;Marisa;672;;Abdelhamid;507
1290;;Niki;671;;Michèl;506
1291;;Saliha;671;;Jelke;506
1292;;Eefke;670;;Jochum;506
1293;;Joëlla;670;;Just;505
1294;;Kaya;670;;Indy;504
1295;;Yinthe;670;;Flip;504
1296;;IJtje;669;;Emin;502
1297;;Evelyne;669;;Tyrone;502
1298;;Mona;668;;Aydin;501
1299;;Pieterke;667;;;
1300;;Mechtilda;667;;;
1301;;Dani;667;;;
1302;;Chaimae;666;;;
1303;;Florien;666;;;
1304;;Fadoua;666;;;
1305;;Robyn;665;;;
1306;;Denice;665;;;
1307;;Babs;664;;;
1308;;Teresa;661;;;
1309;;Joni;661;;;
1310;;Marinka;661;;;
1311;;Catharine;661;;;
1312;;Elfriede;660;;;
1313;;Tatum;660;;;
1314;;Ines;659;;;
1315;;Saakje;658;;;
1316;;Vicky;658;;;
1317;;Muriel;658;;;
1318;;Annelieke;657;;;
1319;;Irem;656;;;
1320;;Bernice;656;;;
1321;;Klaartje;655;;;
1322;;Christianne;654;;;
1323;;Gonda;654;;;
1324;;Lotus;653;;;
1325;;Fréderique;653;;;
1326;;Alisa;652;;;
1327;;Liselot;652;;;
1328;;Babet;652;;;
1329;;Woutera;651;;;
1330;;Bettina;650;;;
1331;;Aziza;650;;;
1332;;Maren;648;;;
1333;;Lizette;646;;;
1334;;Lucretia;646;;;
1335;;Huibertje;645;;;
1336;;Sevgi;645;;;
1337;;Daniella;645;;;
1338;;Nola;644;;;
1339;;Iman;644;;;
1340;;Lucinda;643;;;
1341;;Ela;643;;;
1342;;Senne;641;;;
1343;;Asha;640;;;
1344;;Fennechien;639;;;
1345;;Evita;639;;;
1346;;Hannelore;639;;;
1347;;Ize;638;;;
1348;;Verena;637;;;
1349;;Gertruida;637;;;
1350;;Tosca;636;;;
1351;;Henriëtta;635;;;
1352;;Aysel;635;;;
1353;;Laurien;632;;;
1354;;Lenneke;632;;;
1355;;Aynur;631;;;
1356;;Marith;631;;;
1357;;Hieke;631;;;
1358;;Elianne;631;;;
1359;;Apollonia;630;;;
1360;;Laïla;630;;;
1361;;Egbertje;630;;;
1362;;Harmpje;629;;;
1363;;Annelie;629;;;
1364;;Juna;626;;;
1365;;Marie-José;626;;;
1366;;Inger;626;;;
1367;;Raquel;625;;;
1368;;Arzu;625;;;
1369;;Jacquelien;624;;;
1370;;Frida;623;;;
1371;;Marcelle;621;;;
1372;;Marlène;621;;;
1373;;Silvie;620;;;
1374;;Vivianne;620;;;
1375;;Rian;620;;;
1376;;Liliane;620;;;
1377;;Britney;620;;;
1378;;Whitney;618;;;
1379;;Florentine;618;;;
1380;;Aaltjen;617;;;
1381;;Ariane;616;;;
1382;;Steffie;616;;;
1383;;Houda;615;;;
1384;;Leontien;615;;;
1385;;Amalia;613;;;
1386;;Ietje;613;;;
1387;;Ariaantje;611;;;
1388;;Assia;611;;;
1389;;Isabeau;611;;;
1390;;Romaissa;611;;;
1391;;Jinthe;610;;;
1392;;Gerdien;609;;;
1393;;Petertje;608;;;
1394;;Sharmila;608;;;
1395;;Nicolasina;606;;;
1396;;Francien;606;;;
1397;;Birgitte;603;;;
1398;;Anneliese;603;;;
1399;;Svetlana;602;;;
1400;;Gabriela;602;;;
1401;;Mabel;602;;;
1402;;Juanita;602;;;
1403;;Riemke;601;;;
1404;;Tabitha;600;;;
1405;;Wendela;599;;;
1406;;Beatrice;599;;;
1407;;Guurtje;598;;;
1408;;Maudy;598;;;
1409;;Dieke;597;;;
1410;;Isra;594;;;
1411;;Diena;593;;;
1412;;Laetitia;593;;;
1413;;Solange;593;;;
1414;;Anne-Fleur;592;;;
1415;;Naziha;592;;;
1416;;Nabila;592;;;
1417;;?erife;591;;;
1418;;Krijntje;591;;;
1419;;Jacomijntje;590;;;
1420;;Ava;589;;;
1421;;Frances;589;;;
1422;;Rilana;588;;;
1423;;Elma;588;;;
1424;;Myrte;587;;;
1425;;Vivienne;587;;;
1426;;Bridget;587;;;
1427;;Charlene;584;;;
1428;;Marilyn;583;;;
1429;;Sonia;583;;;
1430;;Kathleen;582;;;
1431;;Lisan;582;;;
1432;;Kristina;581;;;
1433;;Trudy;581;;;
1434;;Adinda;580;;;
1435;;Leonore;580;;;
1436;;Isolde;579;;;
1437;;Lidewij;579;;;
1438;;Yenthe;579;;;
1439;;Loraine;579;;;
1440;;Aranka;579;;;
1441;;Jorinde;579;;;
1442;;Jasmina;578;;;
1443;;Desiré;577;;;
1444;;Michaela;577;;;
1445;;Ilana;577;;;
1446;;Sibilla;576;;;
1447;;Didi;574;;;
1448;;Cleo;574;;;
1449;;Kaatje;574;;;
1450;;Christiane;574;;;
1451;;Harriët;573;;;
1452;;Jacintha;572;;;
1453;;Yousra;572;;;
1454;;Faya;571;;;
1455;;Sasja;570;;;
1456;;Nuray;569;;;
1457;;Lenny;569;;;
1458;;Pieterdina;567;;;
1459;;Adelheid;565;;;
1460;;Aida;565;;;
1461;;Sema;565;;;
1462;;Jonna;564;;;
1463;;Mei;563;;;
1464;;Rosalinda;562;;;
1465;;Eileen;562;;;
1466;;Ingetje;562;;;
1467;;Marin;561;;;
1468;;Hind;561;;;
1469;;Irène;561;;;
1470;;Ceylin;560;;;
1471;;Songül;560;;;
1472;;Welmoed;560;;;
1473;;Marguerite;560;;;
1474;;Coco;559;;;
1475;;Doetje;559;;;
1476;;Margrieta;558;;;
1477;;Sifra;557;;;
1478;;Klaziena;557;;;
1479;;Ryanne;557;;;
1480;;Roxy;557;;;
1481;;Danisha;556;;;
1482;;Alinda;555;;;
1483;;Elza;554;;;
1484;;Bü?ra;554;;;
1485;;Annelot;553;;;
1486;;Kylie;553;;;
1487;;Pam;553;;;
1488;;Bertine;552;;;
1489;;Thessa;552;;;
1490;;Febe;552;;;
1491;;Theresa;552;;;
1492;;Amelie;552;;;
1493;;Dorothy;551;;;
1494;;Houria;551;;;
1495;;Jeannine;551;;;
1496;;Gerlinde;551;;;
1497;;Betsy;551;;;
1498;;Rhodé;551;;;
1499;;Bahar;551;;;
1500;;Alette;550;;;
1501;;Marley;547;;;
1502;;Sem;547;;;
1503;;Ronja;547;;;
1504;;Dunja;547;;;
1505;;Luka;546;;;
1506;;Safia;546;;;
1507;;Hannie;546;;;
1508;;Soumia;546;;;
1509;;Zeliha;546;;;
1510;;Manar;545;;;
1511;;Rochelle;544;;;
1512;;Hilal;543;;;
1513;;Annegien;543;;;
1514;;Hielkje;543;;;
1515;;Shanice;543;;;
1516;;Annita;543;;;
1517;;Ibtissam;541;;;
1518;;Irena;540;;;
1519;;Juliët;539;;;
1520;;Lizz;539;;;
1521;;Meral;538;;;
1522;;Vienna;538;;;
1523;;Karla;538;;;
1524;;Hiba;537;;;
1525;;Ariana;536;;;
1526;;Nieske;536;;;
1527;;Jaapje;534;;;
1528;;Bertina;534;;;
1529;;Lorraine;533;;;
1530;;Tanya;532;;;
1531;;Semra;532;;;
1532;;Doortje;531;;;
1533;;Matthea;531;;;
1534;;Sherida;530;;;
1535;;Hanny;530;;;
1536;;Arwen;528;;;
1537;;Jamilla;528;;;
1538;;Sjoerdtje;527;;;
1539;;Bouwina;525;;;
1540;;Hacer;525;;;
1541;;Anette;525;;;
1542;;Marcha;524;;;
1543;;Samia;524;;;
1544;;Pippa;524;;;
1545;;Jonne;523;;;
1546;;Hubertine;522;;;
1547;;Ann;522;;;
1548;;Marietje;522;;;
1549;;Serpil;521;;;
1550;;Nanette;521;;;
1551;;Hillechiena;521;;;
1552;;Carin;520;;;
1553;;Vanity;520;;;
1554;;Leni;520;;;
1555;;Shelley;519;;;
1556;;Dimphena;519;;;
1557;;Adrienne;519;;;
1558;;Femmy;519;;;
1559;;Foekje;519;;;
1560;;Yvon;518;;;
1561;;Ceyda;518;;;
1562;;Jelena;517;;;
1563;;Mariëlla;516;;;
1564;;Thecla;516;;;
1565;;Melike;516;;;
1566;;Wai;515;;;
1567;;Mendy;515;;;
1568;;Godelieve;515;;;
1569;;Hava;513;;;
1570;;Gamze;512;;;
1571;;Cristina;512;;;
1572;;Philine;511;;;
1573;;Belle;511;;;
1574;;Leny;511;;;
1575;;Tu?ba;511;;;
1576;;Melina;510;;;
1577;;Brigit;510;;;
1578;;Berta;509;;;
1579;;Chantalle;509;;;
1580;;Gülay;508;;;
1581;;Josefine;508;;;
1582;;Gerritjen;508;;;
1583;;Marte;508;;;
1584;;Lai;508;;;
1585;;Juliet;508;;;
1586;;Romkje;507;;;
1587;;Sevda;506;;;
1588;;Anouska;506;;;
1589;;Dunya;506;;;
1590;;Bobbi;505;;;
1591;;Lyanne;504;;;
1592;;Lida;504;;;
1593;;Havva;503;;;
1594;;Katie;503;;;
1595;;Angenita;503;;;
1596;;Aimee;503;;;
1597;;Christien;502;;;
1598;;Betje;501;;;
1599;;Wytske;501;;;
1600;;Sandrina;501;;;
1601;;Carine;501;;;
